,ip,event_date,tcm_id,response
0,246877993,2019-01-30,tcm:526-209216,0
1,246877993,2019-01-30,tcm:526-261006,0
2,246877993,2019-01-30,tcm:526-346380,0
3,246877993,2019-01-30,tcm:526-655038,0
4,246877993,2019-01-30,tcm:526-782343,1
5,246877993,2019-01-30,tcm:526-209028,0
6,246877993,2019-02-27,tcm:526-10787,1
7,246877993,2019-02-27,tcm:526-551763,0
8,246877993,2019-02-27,tcm:526-52560,0
9,246877993,2019-02-27,tcm:526-492865,0
10,246877993,2019-02-27,tcm:526-418532,1
11,246877993,2019-02-27,tcm:526-276414,1
12,246877993,2019-02-27,tcm:526-249921,0
13,246877993,2019-02-27,tcm:526-228258,0
14,246877993,2019-02-27,tcm:526-187302,0
15,246877993,2019-05-30,tcm:526-164352,0
16,246877993,2019-05-30,tcm:526-12174,0
17,246877993,2019-05-30,tcm:526-116442,0
18,246877993,2019-05-30,tcm:526-93195,0
19,246877993,2019-05-30,tcm:526-149043,0
20,246877993,2019-05-30,tcm:526-653510,0
21,246877993,2019-05-30,tcm:526-208086,1
22,246877993,2019-05-30,tcm:526-688510,0
23,246877993,2019-05-30,tcm:526-16645,0
24,246877993,2019-04-25,tcm:526-679101,0
25,246877993,2019-04-25,tcm:526-782343,0
26,246877993,2019-04-25,tcm:526-93195,1
27,246877993,2019-04-25,tcm:526-12174,0
28,246877993,2019-04-25,tcm:526-208086,0
29,246877993,2019-04-25,tcm:526-656536,1
30,246877993,2019-07-24,tcm:526-244935,0
31,246877993,2019-07-24,tcm:526-40469,0
32,246877993,2019-07-24,tcm:526-653510,0
33,246877993,2019-07-24,tcm:526-13782,0
34,246877993,2019-07-24,tcm:526-12174,0
35,246877993,2019-07-24,tcm:526-695181,0
36,246877993,2019-07-24,tcm:526-149043,0
37,246877993,2019-07-24,tcm:526-16645,0
38,246877993,2019-07-24,tcm:526-208086,0
39,246877993,2019-07-24,tcm:526-239640,0
40,246877993,2019-06-26,tcm:526-244935,0
41,246877993,2019-06-26,tcm:526-208086,0
42,246877993,2019-06-26,tcm:526-191289,1
43,246877993,2019-06-26,tcm:526-682379,1
44,246877993,2019-06-26,tcm:526-653510,1
45,246877993,2019-06-26,tcm:526-149043,0
46,246877993,2019-06-26,tcm:526-12174,0
47,246877993,2019-06-26,tcm:526-712788,0
48,246877993,2019-10-30,tcm:526-12167,0
49,246877993,2019-10-30,tcm:526-116442,0
50,246877993,2019-10-30,tcm:526-259315,1
51,246877993,2019-10-30,tcm:526-231792,0
52,246877993,2019-10-30,tcm:526-208086,0
53,246877993,2019-10-30,tcm:526-153236,0
54,246877993,2019-10-30,tcm:526-12174,0
55,246877993,2019-09-26,tcm:526-258965,0
56,246877993,2019-09-26,tcm:526-12167,1
57,246877993,2019-09-26,tcm:526-116442,0
58,246877993,2019-09-26,tcm:526-10838,0
59,246877993,2019-09-26,tcm:526-10849,0
60,246877993,2019-09-26,tcm:526-22867,1
61,246877993,2019-09-26,tcm:526-208086,0
62,246877993,2019-09-26,tcm:526-707567,0
63,246877993,2019-09-26,tcm:526-707527,0
64,246877993,2019-08-28,tcm:526-13782,0
65,246877993,2019-08-28,tcm:526-199040,0
66,246877993,2019-08-28,tcm:526-208086,0
67,246877993,2019-08-28,tcm:526-22867,1
68,246877993,2019-08-28,tcm:526-239640,1
69,246877993,2019-08-28,tcm:526-704480,0
70,246877993,2019-08-28,tcm:526-695181,0
71,246877993,2019-08-28,tcm:526-10838,0
72,246877993,2019-03-27,tcm:526-681575,0
73,246877993,2019-03-27,tcm:526-208086,0
74,246877993,2019-03-27,tcm:526-12180,0
75,246877993,2019-03-27,tcm:526-674187,0
76,246877993,2019-03-27,tcm:526-670542,0
77,246877993,2019-03-27,tcm:526-654768,0
78,246877993,2019-03-27,tcm:526-80807,0
79,246877993,2019-03-27,tcm:526-418532,0
80,224772209,2019-07-24,tcm:526-239640,0
81,224772209,2019-07-24,tcm:526-244935,0
82,224772209,2019-07-24,tcm:526-40469,0
83,224772209,2019-07-24,tcm:526-653510,0
84,224772209,2019-07-24,tcm:526-695181,0
85,224772209,2019-07-24,tcm:526-208086,0
86,224772209,2019-07-24,tcm:526-149043,0
87,224772209,2019-07-24,tcm:526-16645,1
88,224772209,2019-07-24,tcm:526-13782,0
89,224772209,2019-06-26,tcm:526-12174,0
90,224772209,2019-06-26,tcm:526-149043,0
91,224772209,2019-06-26,tcm:526-16645,0
92,224772209,2019-06-26,tcm:526-208086,0
93,224772209,2019-06-26,tcm:526-191289,0
94,224772209,2019-06-26,tcm:526-682379,1
95,224772209,2019-06-26,tcm:526-653510,1
96,224772209,2019-06-26,tcm:526-244935,0
97,224772209,2019-04-25,tcm:526-208086,0
98,224772209,2019-04-25,tcm:526-656536,0
99,224772209,2019-04-25,tcm:526-93195,1
100,224772209,2019-04-25,tcm:526-249037,1
101,224772209,2019-04-25,tcm:526-782343,0
102,224772209,2019-04-25,tcm:526-12174,0
103,224772209,2019-04-25,tcm:526-684643,1
104,224772209,2019-04-25,tcm:526-70899,0
105,224772209,2019-04-25,tcm:526-679101,0
106,224772209,2019-10-30,tcm:526-22867,0
107,224772209,2019-10-30,tcm:526-231792,0
108,224772209,2019-10-30,tcm:526-259315,0
109,224772209,2019-10-30,tcm:526-153236,0
110,224772209,2019-10-30,tcm:526-12174,0
111,224772209,2019-10-30,tcm:526-12167,0
112,224772209,2019-10-30,tcm:526-116442,0
113,224772209,2019-10-30,tcm:526-18025,0
114,224772209,2019-10-30,tcm:526-208086,0
115,224772209,2019-01-30,tcm:526-204679,0
116,224772209,2019-01-30,tcm:526-346380,0
117,224772209,2019-01-30,tcm:526-273898,0
118,224772209,2019-01-30,tcm:526-209028,0
119,224772209,2019-01-30,tcm:526-261006,1
120,224772209,2019-01-30,tcm:526-782343,0
121,224772209,2019-01-30,tcm:526-784445,0
122,224772209,2019-09-26,tcm:526-208086,0
123,224772209,2019-09-26,tcm:526-12174,0
124,224772209,2019-09-26,tcm:526-12167,0
125,224772209,2019-09-26,tcm:526-116442,0
126,224772209,2019-09-26,tcm:526-10849,0
127,224772209,2019-09-26,tcm:526-10838,0
128,224772209,2019-09-26,tcm:526-258965,0
129,224772209,2019-09-26,tcm:526-707567,0
130,224772209,2019-02-27,tcm:526-492865,0
131,224772209,2019-02-27,tcm:526-418532,0
132,224772209,2019-02-27,tcm:526-276414,0
133,224772209,2019-02-27,tcm:526-249921,0
134,224772209,2019-02-27,tcm:526-228258,0
135,224772209,2019-02-27,tcm:526-224772,1
136,224772209,2019-02-27,tcm:526-551763,1
137,224772209,2019-02-27,tcm:526-187302,0
138,224772209,2019-05-30,tcm:526-653510,1
139,224772209,2019-05-30,tcm:526-688510,0
140,224772209,2019-05-30,tcm:526-149043,0
141,224772209,2019-05-30,tcm:526-116442,0
142,224772209,2019-05-30,tcm:526-16645,0
143,224772209,2019-05-30,tcm:526-208086,1
144,224772209,2019-05-30,tcm:526-12174,0
145,224772209,2019-05-30,tcm:526-164352,0
146,224772209,2019-05-30,tcm:526-93195,0
147,224772209,2019-05-30,tcm:526-46242,0
148,224772209,2019-03-27,tcm:526-12180,1
149,224772209,2019-03-27,tcm:526-208086,0
150,224772209,2019-03-27,tcm:526-654768,0
151,224772209,2019-03-27,tcm:526-670542,1
152,224772209,2019-03-27,tcm:526-674187,0
153,224772209,2019-03-27,tcm:526-681575,0
154,224772209,2019-03-27,tcm:526-681575,0
155,224772209,2019-03-27,tcm:526-682576,0
156,224772209,2019-03-27,tcm:526-80807,0
157,224772209,2019-08-28,tcm:526-22867,0
158,224772209,2019-08-28,tcm:526-239640,0
159,224772209,2019-08-28,tcm:526-695181,1
160,224772209,2019-08-28,tcm:526-704480,0
161,224772209,2019-08-28,tcm:526-116442,0
162,224772209,2019-08-28,tcm:526-10838,0
163,224772209,2019-08-28,tcm:526-13782,0
164,224772209,2019-08-28,tcm:526-199040,0
165,224772209,2019-08-28,tcm:526-12174,0
166,230774708,2019-03-27,tcm:526-418532,0
167,230774708,2019-03-27,tcm:526-674187,0
168,230774708,2019-03-27,tcm:526-12180,0
169,230774708,2019-03-27,tcm:526-681575,0
170,230774708,2019-03-27,tcm:526-654768,0
171,230774708,2019-03-27,tcm:526-682576,0
172,230774708,2019-03-27,tcm:526-670542,0
173,230774708,2019-06-26,tcm:526-16645,0
174,230774708,2019-06-26,tcm:526-653510,0
175,230774708,2019-06-26,tcm:526-12174,0
176,230774708,2019-06-26,tcm:526-191289,0
177,230774708,2019-06-26,tcm:526-682379,0
178,230774708,2019-06-26,tcm:526-208086,0
179,230774708,2019-06-26,tcm:526-237984,1
180,230774708,2019-06-26,tcm:526-149043,0
181,230774708,2019-04-25,tcm:526-388698,0
182,230774708,2019-04-25,tcm:526-679101,0
183,230774708,2019-04-25,tcm:526-12174,0
184,230774708,2019-04-25,tcm:526-93195,0
185,230774708,2019-04-25,tcm:526-782343,0
186,230774708,2019-04-25,tcm:526-70899,0
187,230774708,2019-01-30,tcm:526-209028,0
188,230774708,2019-01-30,tcm:526-209216,0
189,230774708,2019-01-30,tcm:526-261006,1
190,230774708,2019-01-30,tcm:526-273898,0
191,230774708,2019-01-30,tcm:526-385364,1
192,230774708,2019-01-30,tcm:526-655038,0
193,230774708,2019-01-30,tcm:526-782343,0
194,230774708,2019-09-26,tcm:526-10838,0
195,230774708,2019-09-26,tcm:526-22867,0
196,230774708,2019-09-26,tcm:526-258965,0
197,230774708,2019-09-26,tcm:526-116442,0
198,230774708,2019-09-26,tcm:526-707567,1
199,230774708,2019-09-26,tcm:526-707527,0
200,230774708,2019-09-26,tcm:526-10849,0
201,230774708,2019-09-26,tcm:526-208086,0
202,230774708,2019-09-26,tcm:526-12167,0
203,230774708,2019-09-26,tcm:526-12174,0
204,230774708,2019-08-28,tcm:526-116442,0
205,230774708,2019-08-28,tcm:526-10838,0
206,230774708,2019-08-28,tcm:526-704480,0
207,230774708,2019-08-28,tcm:526-695181,0
208,230774708,2019-08-28,tcm:526-239640,0
209,230774708,2019-08-28,tcm:526-22867,0
210,230774708,2019-08-28,tcm:526-208086,1
211,230774708,2019-08-28,tcm:526-199040,0
212,230774708,2019-08-28,tcm:526-13782,0
213,230774708,2019-08-28,tcm:526-12174,0
214,230774708,2019-10-30,tcm:526-22867,1
215,230774708,2019-10-30,tcm:526-231792,1
216,230774708,2019-10-30,tcm:526-248966,0
217,230774708,2019-10-30,tcm:526-259315,0
218,230774708,2019-10-30,tcm:526-116442,1
219,230774708,2019-10-30,tcm:526-12167,0
220,230774708,2019-10-30,tcm:526-12174,0
221,230774708,2019-10-30,tcm:526-18025,1
222,230774708,2019-10-30,tcm:526-208086,0
223,230774708,2019-07-24,tcm:526-40469,0
224,230774708,2019-07-24,tcm:526-695181,0
225,230774708,2019-07-24,tcm:526-239640,0
226,230774708,2019-07-24,tcm:526-208086,0
227,230774708,2019-07-24,tcm:526-16645,0
228,230774708,2019-07-24,tcm:526-149043,0
229,230774708,2019-07-24,tcm:526-13782,1
230,230774708,2019-07-24,tcm:526-12174,0
231,230774708,2019-07-24,tcm:526-653510,0
232,230774708,2019-05-30,tcm:526-16645,1
233,230774708,2019-05-30,tcm:526-208086,0
234,230774708,2019-05-30,tcm:526-116442,0
235,230774708,2019-05-30,tcm:526-149043,1
236,230774708,2019-05-30,tcm:526-93195,0
237,230774708,2019-05-30,tcm:526-688510,0
238,230774708,2019-05-30,tcm:526-653510,1
239,230774708,2019-05-30,tcm:526-46242,0
240,230774708,2019-02-27,tcm:526-418532,0
241,230774708,2019-02-27,tcm:526-187302,0
242,230774708,2019-02-27,tcm:526-276414,0
243,230774708,2019-02-27,tcm:526-224772,0
244,230774708,2019-02-27,tcm:526-228258,0
245,230774708,2019-02-27,tcm:526-249921,0
246,230774708,2019-02-27,tcm:526-492865,0
247,46571966,2019-09-26,tcm:526-22867,1
248,46571966,2019-09-26,tcm:526-10838,0
249,46571966,2019-09-26,tcm:526-10849,0
250,46571966,2019-09-26,tcm:526-116442,0
251,46571966,2019-09-26,tcm:526-12167,0
252,46571966,2019-09-26,tcm:526-12174,0
253,46571966,2019-09-26,tcm:526-208086,0
254,46571966,2019-09-26,tcm:526-258965,0
255,46571966,2019-09-26,tcm:526-707527,0
256,46571966,2019-09-26,tcm:526-707567,1
257,46571966,2019-07-24,tcm:526-13782,1
258,46571966,2019-07-24,tcm:526-12174,0
259,46571966,2019-07-24,tcm:526-244935,0
260,46571966,2019-07-24,tcm:526-40469,1
261,46571966,2019-07-24,tcm:526-208086,0
262,46571966,2019-07-24,tcm:526-16645,0
263,46571966,2019-07-24,tcm:526-149043,0
264,46571966,2019-03-27,tcm:526-674187,0
265,46571966,2019-03-27,tcm:526-682576,0
266,46571966,2019-03-27,tcm:526-80807,0
267,46571966,2019-03-27,tcm:526-681575,0
268,46571966,2019-03-27,tcm:526-12180,0
269,46571966,2019-03-27,tcm:526-208086,0
270,46571966,2019-03-27,tcm:526-418532,0
271,46571966,2019-03-27,tcm:526-654768,0
272,46571966,2019-03-27,tcm:526-670542,0
273,46571966,2019-01-30,tcm:526-209216,0
274,46571966,2019-01-30,tcm:526-209028,1
275,46571966,2019-01-30,tcm:526-204679,0
276,46571966,2019-01-30,tcm:526-655038,0
277,46571966,2019-01-30,tcm:526-385364,0
278,46571966,2019-01-30,tcm:526-346380,0
279,46571966,2019-01-30,tcm:526-273898,1
280,46571966,2019-01-30,tcm:526-261006,0
281,46571966,2019-02-27,tcm:526-52560,0
282,46571966,2019-02-27,tcm:526-228258,0
283,46571966,2019-02-27,tcm:526-418532,0
284,46571966,2019-02-27,tcm:526-276414,0
285,46571966,2019-02-27,tcm:526-492865,0
286,46571966,2019-02-27,tcm:526-224772,0
287,46571966,2019-02-27,tcm:526-10787,0
288,46571966,2019-05-30,tcm:526-653510,1
289,46571966,2019-05-30,tcm:526-208086,0
290,46571966,2019-05-30,tcm:526-16645,0
291,46571966,2019-05-30,tcm:526-164352,0
292,46571966,2019-05-30,tcm:526-116442,0
293,46571966,2019-05-30,tcm:526-46242,0
294,46571966,2019-05-30,tcm:526-93195,0
295,46571966,2019-05-30,tcm:526-688510,1
296,46571966,2019-10-30,tcm:526-248966,0
297,46571966,2019-10-30,tcm:526-153236,0
298,46571966,2019-10-30,tcm:526-259315,1
299,46571966,2019-10-30,tcm:526-12167,0
300,46571966,2019-10-30,tcm:526-18025,0
301,46571966,2019-10-30,tcm:526-208086,0
302,46571966,2019-10-30,tcm:526-22867,0
303,46571966,2019-10-30,tcm:526-12174,0
304,46571966,2019-04-25,tcm:526-684643,1
305,46571966,2019-04-25,tcm:526-249037,0
306,46571966,2019-04-25,tcm:526-388698,0
307,46571966,2019-04-25,tcm:526-12174,0
308,46571966,2019-04-25,tcm:526-93195,1
309,46571966,2019-04-25,tcm:526-70899,0
310,46571966,2019-04-25,tcm:526-208086,0
311,46571966,2019-04-25,tcm:526-656536,0
312,46571966,2019-08-28,tcm:526-695181,1
313,46571966,2019-08-28,tcm:526-239640,0
314,46571966,2019-08-28,tcm:526-12174,0
315,46571966,2019-08-28,tcm:526-116442,1
316,46571966,2019-08-28,tcm:526-199040,0
317,46571966,2019-08-28,tcm:526-22867,1
318,46571966,2019-06-26,tcm:526-191289,0
319,46571966,2019-06-26,tcm:526-16645,1
320,46571966,2019-06-26,tcm:526-149043,0
321,46571966,2019-06-26,tcm:526-12174,0
322,46571966,2019-06-26,tcm:526-712788,0
323,46571966,2019-06-26,tcm:526-682379,0
324,46571966,2019-06-26,tcm:526-653510,1
325,46571966,2019-06-26,tcm:526-208086,0
326,46571966,2019-06-26,tcm:526-237984,0
327,46571966,2019-06-26,tcm:526-244935,0
328,224640766,2019-08-28,tcm:526-22867,0
329,224640766,2019-08-28,tcm:526-704480,0
330,224640766,2019-08-28,tcm:526-239640,0
331,224640766,2019-08-28,tcm:526-695181,0
332,224640766,2019-08-28,tcm:526-208086,1
333,224640766,2019-08-28,tcm:526-199040,1
334,224640766,2019-08-28,tcm:526-13782,0
335,224640766,2019-08-28,tcm:526-12174,0
336,224640766,2019-08-28,tcm:526-116442,0
337,224640766,2019-08-28,tcm:526-10838,1
338,224640766,2019-07-24,tcm:526-12174,1
339,224640766,2019-07-24,tcm:526-16645,0
340,224640766,2019-07-24,tcm:526-695181,0
341,224640766,2019-07-24,tcm:526-149043,1
342,224640766,2019-07-24,tcm:526-239640,0
343,224640766,2019-07-24,tcm:526-208086,0
344,224640766,2019-07-24,tcm:526-244935,0
345,224640766,2019-07-24,tcm:526-13782,0
346,224640766,2019-07-24,tcm:526-40469,0
347,224640766,2019-04-25,tcm:526-388698,0
348,224640766,2019-04-25,tcm:526-70899,0
349,224640766,2019-04-25,tcm:526-208086,0
350,224640766,2019-04-25,tcm:526-684643,0
351,224640766,2019-04-25,tcm:526-679101,0
352,224640766,2019-04-25,tcm:526-656536,0
353,224640766,2019-04-25,tcm:526-93195,0
354,224640766,2019-04-25,tcm:526-782343,0
355,224640766,2019-05-30,tcm:526-653510,0
356,224640766,2019-05-30,tcm:526-93195,0
357,224640766,2019-05-30,tcm:526-12174,0
358,224640766,2019-05-30,tcm:526-164352,0
359,224640766,2019-05-30,tcm:526-16645,0
360,224640766,2019-05-30,tcm:526-208086,0
361,224640766,2019-05-30,tcm:526-46242,1
362,224640766,2019-10-30,tcm:526-248966,0
363,224640766,2019-10-30,tcm:526-231792,0
364,224640766,2019-10-30,tcm:526-22867,1
365,224640766,2019-10-30,tcm:526-208086,0
366,224640766,2019-10-30,tcm:526-153236,0
367,224640766,2019-10-30,tcm:526-12167,0
368,224640766,2019-10-30,tcm:526-12174,0
369,224640766,2019-10-30,tcm:526-18025,0
370,224640766,2019-10-30,tcm:526-116442,0
371,224640766,2019-02-27,tcm:526-276414,1
372,224640766,2019-02-27,tcm:526-492865,1
373,224640766,2019-02-27,tcm:526-52560,0
374,224640766,2019-02-27,tcm:526-551763,0
375,224640766,2019-02-27,tcm:526-187302,0
376,224640766,2019-02-27,tcm:526-228258,0
377,224640766,2019-01-30,tcm:526-209216,0
378,224640766,2019-01-30,tcm:526-204679,0
379,224640766,2019-01-30,tcm:526-782343,0
380,224640766,2019-01-30,tcm:526-655038,0
381,224640766,2019-01-30,tcm:526-784445,0
382,224640766,2019-01-30,tcm:526-385364,0
383,224640766,2019-01-30,tcm:526-346380,0
384,224640766,2019-01-30,tcm:526-273898,1
385,224640766,2019-01-30,tcm:526-261006,0
386,224640766,2019-03-27,tcm:526-681575,0
387,224640766,2019-03-27,tcm:526-682576,1
388,224640766,2019-03-27,tcm:526-12180,0
389,224640766,2019-03-27,tcm:526-674187,0
390,224640766,2019-03-27,tcm:526-418532,0
391,224640766,2019-03-27,tcm:526-80807,1
392,224640766,2019-03-27,tcm:526-681575,1
393,224640766,2019-06-26,tcm:526-208086,0
394,224640766,2019-06-26,tcm:526-191289,0
395,224640766,2019-06-26,tcm:526-16645,0
396,224640766,2019-06-26,tcm:526-149043,0
397,224640766,2019-06-26,tcm:526-12174,1
398,224640766,2019-06-26,tcm:526-653510,0
399,224640766,2019-06-26,tcm:526-712788,0
400,224640766,2019-06-26,tcm:526-237984,0
401,224640766,2019-09-26,tcm:526-12174,0
402,224640766,2019-09-26,tcm:526-116442,0
403,224640766,2019-09-26,tcm:526-10838,0
404,224640766,2019-09-26,tcm:526-10849,0
405,224640766,2019-09-26,tcm:526-707527,0
406,224640766,2019-09-26,tcm:526-707567,0
407,224640766,2019-09-26,tcm:526-258965,0
408,1356756,2019-01-30,tcm:526-385364,0
409,1356756,2019-01-30,tcm:526-346380,0
410,1356756,2019-01-30,tcm:526-782343,0
411,1356756,2019-01-30,tcm:526-784445,1
412,1356756,2019-01-30,tcm:526-273898,0
413,1356756,2019-01-30,tcm:526-261006,0
414,1356756,2019-01-30,tcm:526-209216,0
415,1356756,2019-01-30,tcm:526-204679,0
416,1356756,2019-09-26,tcm:526-258965,0
417,1356756,2019-09-26,tcm:526-22867,0
418,1356756,2019-09-26,tcm:526-208086,0
419,1356756,2019-09-26,tcm:526-707567,0
420,1356756,2019-09-26,tcm:526-12174,0
421,1356756,2019-09-26,tcm:526-12167,0
422,1356756,2019-09-26,tcm:526-116442,0
423,1356756,2019-09-26,tcm:526-10849,0
424,1356756,2019-09-26,tcm:526-707527,0
425,1356756,2019-04-25,tcm:526-12174,0
426,1356756,2019-04-25,tcm:526-93195,0
427,1356756,2019-04-25,tcm:526-782343,1
428,1356756,2019-04-25,tcm:526-70899,1
429,1356756,2019-04-25,tcm:526-684643,0
430,1356756,2019-04-25,tcm:526-679101,0
431,1356756,2019-04-25,tcm:526-656536,0
432,1356756,2019-04-25,tcm:526-388698,1
433,1356756,2019-04-25,tcm:526-249037,0
434,1356756,2019-04-25,tcm:526-208086,1
435,1356756,2019-08-28,tcm:526-695181,0
436,1356756,2019-08-28,tcm:526-10838,0
437,1356756,2019-08-28,tcm:526-116442,0
438,1356756,2019-08-28,tcm:526-12174,0
439,1356756,2019-08-28,tcm:526-13782,0
440,1356756,2019-08-28,tcm:526-199040,0
441,1356756,2019-08-28,tcm:526-208086,0
442,1356756,2019-08-28,tcm:526-22867,0
443,1356756,2019-08-28,tcm:526-704480,0
444,1356756,2019-02-27,tcm:526-228258,0
445,1356756,2019-02-27,tcm:526-224772,0
446,1356756,2019-02-27,tcm:526-10787,1
447,1356756,2019-02-27,tcm:526-551763,0
448,1356756,2019-02-27,tcm:526-249921,0
449,1356756,2019-02-27,tcm:526-52560,0
450,1356756,2019-02-27,tcm:526-492865,1
451,1356756,2019-02-27,tcm:526-418532,0
452,1356756,2019-02-27,tcm:526-276414,1
453,1356756,2019-02-27,tcm:526-187302,1
454,1356756,2019-06-26,tcm:526-16645,0
455,1356756,2019-06-26,tcm:526-237984,1
456,1356756,2019-06-26,tcm:526-712788,0
457,1356756,2019-06-26,tcm:526-682379,0
458,1356756,2019-06-26,tcm:526-244935,0
459,1356756,2019-05-30,tcm:526-46242,0
460,1356756,2019-05-30,tcm:526-688510,0
461,1356756,2019-05-30,tcm:526-653510,0
462,1356756,2019-05-30,tcm:526-93195,0
463,1356756,2019-05-30,tcm:526-116442,0
464,1356756,2019-05-30,tcm:526-12174,0
465,1356756,2019-05-30,tcm:526-149043,0
466,1356756,2019-05-30,tcm:526-164352,0
467,1356756,2019-05-30,tcm:526-16645,0
468,1356756,2019-07-24,tcm:526-239640,0
469,1356756,2019-07-24,tcm:526-16645,0
470,1356756,2019-07-24,tcm:526-149043,0
471,1356756,2019-07-24,tcm:526-13782,1
472,1356756,2019-07-24,tcm:526-12174,0
473,1356756,2019-07-24,tcm:526-653510,0
474,1356756,2019-07-24,tcm:526-208086,0
475,1356756,2019-10-30,tcm:526-153236,0
476,1356756,2019-10-30,tcm:526-12174,0
477,1356756,2019-10-30,tcm:526-22867,0
478,1356756,2019-10-30,tcm:526-208086,0
479,1356756,2019-10-30,tcm:526-248966,0
480,1356756,2019-10-30,tcm:526-18025,0
481,1356756,2019-10-30,tcm:526-259315,0
482,1356756,2019-10-30,tcm:526-12167,0
483,1356756,2019-10-30,tcm:526-116442,0
484,1356756,2019-10-30,tcm:526-231792,0
485,1356756,2019-03-27,tcm:526-682576,0
486,1356756,2019-03-27,tcm:526-681575,0
487,1356756,2019-03-27,tcm:526-674187,1
488,1356756,2019-03-27,tcm:526-80807,1
489,1356756,2019-03-27,tcm:526-670542,0
490,1356756,2019-03-27,tcm:526-681575,0
491,1356756,2019-03-27,tcm:526-418532,0
492,1356756,2019-03-27,tcm:526-208086,0
493,1356756,2019-03-27,tcm:526-12180,0
494,8332518,2019-07-24,tcm:526-149043,0
495,8332518,2019-07-24,tcm:526-13782,1
496,8332518,2019-07-24,tcm:526-12174,0
497,8332518,2019-07-24,tcm:526-695181,1
498,8332518,2019-07-24,tcm:526-653510,0
499,8332518,2019-07-24,tcm:526-244935,0
500,8332518,2019-07-24,tcm:526-239640,0
501,8332518,2019-07-24,tcm:526-208086,0
502,8332518,2019-06-26,tcm:526-237984,0
503,8332518,2019-06-26,tcm:526-244935,0
504,8332518,2019-06-26,tcm:526-149043,0
505,8332518,2019-06-26,tcm:526-191289,0
506,8332518,2019-06-26,tcm:526-208086,1
507,8332518,2019-06-26,tcm:526-16645,1
508,8332518,2019-06-26,tcm:526-682379,0
509,8332518,2019-08-28,tcm:526-10838,0
510,8332518,2019-08-28,tcm:526-22867,1
511,8332518,2019-08-28,tcm:526-199040,0
512,8332518,2019-08-28,tcm:526-13782,0
513,8332518,2019-08-28,tcm:526-704480,0
514,8332518,2019-08-28,tcm:526-695181,0
515,8332518,2019-08-28,tcm:526-12174,0
516,8332518,2019-08-28,tcm:526-116442,0
517,8332518,2019-02-27,tcm:526-551763,1
518,8332518,2019-02-27,tcm:526-52560,0
519,8332518,2019-02-27,tcm:526-492865,0
520,8332518,2019-02-27,tcm:526-418532,0
521,8332518,2019-02-27,tcm:526-276414,0
522,8332518,2019-02-27,tcm:526-224772,0
523,8332518,2019-02-27,tcm:526-228258,0
524,8332518,2019-02-27,tcm:526-187302,0
525,8332518,2019-02-27,tcm:526-10787,0
526,8332518,2019-01-30,tcm:526-204679,0
527,8332518,2019-01-30,tcm:526-209216,0
528,8332518,2019-01-30,tcm:526-261006,1
529,8332518,2019-01-30,tcm:526-273898,0
530,8332518,2019-01-30,tcm:526-655038,0
531,8332518,2019-01-30,tcm:526-346380,0
532,8332518,2019-01-30,tcm:526-385364,0
533,8332518,2019-01-30,tcm:526-784445,0
534,8332518,2019-01-30,tcm:526-782343,0
535,8332518,2019-01-30,tcm:526-209028,0
536,8332518,2019-03-27,tcm:526-654768,0
537,8332518,2019-03-27,tcm:526-670542,1
538,8332518,2019-03-27,tcm:526-674187,0
539,8332518,2019-03-27,tcm:526-681575,0
540,8332518,2019-03-27,tcm:526-681575,0
541,8332518,2019-03-27,tcm:526-682576,0
542,8332518,2019-03-27,tcm:526-80807,0
543,8332518,2019-03-27,tcm:526-12180,1
544,8332518,2019-03-27,tcm:526-208086,0
545,8332518,2019-10-30,tcm:526-116442,0
546,8332518,2019-10-30,tcm:526-208086,0
547,8332518,2019-10-30,tcm:526-18025,0
548,8332518,2019-10-30,tcm:526-231792,0
549,8332518,2019-10-30,tcm:526-248966,0
550,8332518,2019-10-30,tcm:526-12174,0
551,8332518,2019-04-25,tcm:526-12174,0
552,8332518,2019-04-25,tcm:526-208086,0
553,8332518,2019-04-25,tcm:526-249037,1
554,8332518,2019-04-25,tcm:526-684643,0
555,8332518,2019-04-25,tcm:526-679101,0
556,8332518,2019-04-25,tcm:526-656536,0
557,8332518,2019-04-25,tcm:526-93195,1
558,8332518,2019-04-25,tcm:526-70899,1
559,8332518,2019-05-30,tcm:526-46242,0
560,8332518,2019-05-30,tcm:526-653510,0
561,8332518,2019-05-30,tcm:526-688510,0
562,8332518,2019-05-30,tcm:526-93195,0
563,8332518,2019-05-30,tcm:526-116442,0
564,8332518,2019-05-30,tcm:526-12174,1
565,8332518,2019-05-30,tcm:526-149043,0
566,8332518,2019-05-30,tcm:526-164352,0
567,8332518,2019-05-30,tcm:526-16645,0
568,8332518,2019-05-30,tcm:526-208086,0
569,8332518,2019-09-26,tcm:526-22867,0
570,8332518,2019-09-26,tcm:526-208086,0
571,8332518,2019-09-26,tcm:526-12174,0
572,8332518,2019-09-26,tcm:526-116442,0
573,8332518,2019-09-26,tcm:526-12167,0
574,8332518,2019-09-26,tcm:526-10838,1
575,8332518,2019-09-26,tcm:526-707527,0
576,8332518,2019-09-26,tcm:526-258965,0
577,22537527,2019-07-24,tcm:526-12174,0
578,22537527,2019-07-24,tcm:526-239640,0
579,22537527,2019-07-24,tcm:526-208086,0
580,22537527,2019-07-24,tcm:526-16645,0
581,22537527,2019-07-24,tcm:526-13782,1
582,22537527,2019-07-24,tcm:526-653510,0
583,22537527,2019-07-24,tcm:526-695181,0
584,22537527,2019-07-24,tcm:526-40469,0
585,22537527,2019-03-27,tcm:526-670542,0
586,22537527,2019-03-27,tcm:526-208086,0
587,22537527,2019-03-27,tcm:526-12180,1
588,22537527,2019-03-27,tcm:526-80807,0
589,22537527,2019-03-27,tcm:526-674187,0
590,22537527,2019-03-27,tcm:526-681575,0
591,22537527,2019-03-27,tcm:526-682576,0
592,22537527,2019-06-26,tcm:526-244935,0
593,22537527,2019-06-26,tcm:526-208086,0
594,22537527,2019-06-26,tcm:526-191289,0
595,22537527,2019-06-26,tcm:526-16645,0
596,22537527,2019-06-26,tcm:526-149043,1
597,22537527,2019-06-26,tcm:526-12174,0
598,22537527,2019-06-26,tcm:526-712788,0
599,22537527,2019-06-26,tcm:526-682379,1
600,22537527,2019-08-28,tcm:526-12174,0
601,22537527,2019-08-28,tcm:526-116442,0
602,22537527,2019-08-28,tcm:526-10838,0
603,22537527,2019-08-28,tcm:526-704480,0
604,22537527,2019-08-28,tcm:526-695181,1
605,22537527,2019-08-28,tcm:526-239640,0
606,22537527,2019-08-28,tcm:526-22867,1
607,22537527,2019-08-28,tcm:526-208086,0
608,22537527,2019-08-28,tcm:526-199040,0
609,22537527,2019-08-28,tcm:526-13782,0
610,22537527,2019-02-27,tcm:526-551763,1
611,22537527,2019-02-27,tcm:526-276414,0
612,22537527,2019-02-27,tcm:526-418532,0
613,22537527,2019-02-27,tcm:526-10787,0
614,22537527,2019-02-27,tcm:526-52560,0
615,22537527,2019-02-27,tcm:526-224772,1
616,22537527,2019-02-27,tcm:526-249921,0
617,22537527,2019-02-27,tcm:526-187302,0
618,22537527,2019-10-30,tcm:526-153236,0
619,22537527,2019-10-30,tcm:526-18025,0
620,22537527,2019-10-30,tcm:526-22867,0
621,22537527,2019-10-30,tcm:526-208086,0
622,22537527,2019-10-30,tcm:526-259315,0
623,22537527,2019-10-30,tcm:526-116442,0
624,22537527,2019-10-30,tcm:526-12174,0
625,22537527,2019-10-30,tcm:526-12167,0
626,22537527,2019-10-30,tcm:526-248966,0
627,22537527,2019-10-30,tcm:526-231792,0
628,22537527,2019-01-30,tcm:526-346380,1
629,22537527,2019-01-30,tcm:526-261006,1
630,22537527,2019-01-30,tcm:526-209028,0
631,22537527,2019-01-30,tcm:526-209216,0
632,22537527,2019-01-30,tcm:526-273898,0
633,22537527,2019-01-30,tcm:526-655038,0
634,22537527,2019-01-30,tcm:526-782343,0
635,22537527,2019-01-30,tcm:526-385364,1
636,22537527,2019-05-30,tcm:526-208086,0
637,22537527,2019-05-30,tcm:526-46242,0
638,22537527,2019-05-30,tcm:526-116442,0
639,22537527,2019-05-30,tcm:526-16645,0
640,22537527,2019-05-30,tcm:526-93195,1
641,22537527,2019-05-30,tcm:526-688510,0
642,22537527,2019-05-30,tcm:526-12174,0
643,22537527,2019-05-30,tcm:526-149043,0
644,22537527,2019-05-30,tcm:526-164352,0
645,22537527,2019-05-30,tcm:526-653510,0
646,22537527,2019-04-25,tcm:526-656536,0
647,22537527,2019-04-25,tcm:526-679101,0
648,22537527,2019-04-25,tcm:526-684643,0
649,22537527,2019-04-25,tcm:526-70899,0
650,22537527,2019-04-25,tcm:526-12174,0
651,22537527,2019-04-25,tcm:526-208086,0
652,22537527,2019-04-25,tcm:526-388698,1
653,22537527,2019-09-26,tcm:526-116442,0
654,22537527,2019-09-26,tcm:526-12167,0
655,22537527,2019-09-26,tcm:526-12174,0
656,22537527,2019-09-26,tcm:526-707567,0
657,22537527,2019-09-26,tcm:526-10838,0
658,22537527,2019-09-26,tcm:526-707527,0
659,22537527,2019-09-26,tcm:526-258965,0
660,22537527,2019-09-26,tcm:526-22867,0
661,22537527,2019-09-26,tcm:526-208086,0
662,2811653,2019-08-28,tcm:526-22867,0
663,2811653,2019-08-28,tcm:526-10838,0
664,2811653,2019-08-28,tcm:526-12174,0
665,2811653,2019-08-28,tcm:526-13782,1
666,2811653,2019-08-28,tcm:526-199040,0
667,2811653,2019-08-28,tcm:526-704480,0
668,2811653,2019-08-28,tcm:526-695181,0
669,2811653,2019-08-28,tcm:526-239640,0
670,2811653,2019-01-30,tcm:526-209216,0
671,2811653,2019-01-30,tcm:526-204679,0
672,2811653,2019-01-30,tcm:526-209028,1
673,2811653,2019-01-30,tcm:526-782343,1
674,2811653,2019-01-30,tcm:526-655038,0
675,2811653,2019-01-30,tcm:526-346380,0
676,2811653,2019-01-30,tcm:526-273898,0
677,2811653,2019-09-26,tcm:526-10849,0
678,2811653,2019-09-26,tcm:526-12167,0
679,2811653,2019-09-26,tcm:526-12174,0
680,2811653,2019-09-26,tcm:526-208086,0
681,2811653,2019-09-26,tcm:526-22867,0
682,2811653,2019-09-26,tcm:526-707527,0
683,2811653,2019-09-26,tcm:526-707567,0
684,2811653,2019-05-30,tcm:526-93195,1
685,2811653,2019-05-30,tcm:526-16645,1
686,2811653,2019-05-30,tcm:526-164352,0
687,2811653,2019-05-30,tcm:526-653510,0
688,2811653,2019-05-30,tcm:526-208086,0
689,2811653,2019-05-30,tcm:526-46242,0
690,2811653,2019-05-30,tcm:526-688510,0
691,2811653,2019-05-30,tcm:526-12174,0
692,2811653,2019-02-27,tcm:526-418532,0
693,2811653,2019-02-27,tcm:526-276414,1
694,2811653,2019-02-27,tcm:526-249921,0
695,2811653,2019-02-27,tcm:526-10787,0
696,2811653,2019-02-27,tcm:526-52560,0
697,2811653,2019-02-27,tcm:526-492865,1
698,2811653,2019-02-27,tcm:526-228258,0
699,2811653,2019-02-27,tcm:526-224772,0
700,2811653,2019-02-27,tcm:526-187302,0
701,2811653,2019-02-27,tcm:526-551763,0
702,2811653,2019-03-27,tcm:526-418532,0
703,2811653,2019-03-27,tcm:526-670542,0
704,2811653,2019-03-27,tcm:526-674187,0
705,2811653,2019-03-27,tcm:526-681575,0
706,2811653,2019-03-27,tcm:526-681575,0
707,2811653,2019-03-27,tcm:526-682576,1
708,2811653,2019-03-27,tcm:526-80807,1
709,2811653,2019-03-27,tcm:526-12180,0
710,2811653,2019-03-27,tcm:526-208086,0
711,2811653,2019-10-30,tcm:526-259315,0
712,2811653,2019-10-30,tcm:526-12174,0
713,2811653,2019-10-30,tcm:526-18025,0
714,2811653,2019-10-30,tcm:526-208086,1
715,2811653,2019-10-30,tcm:526-22867,0
716,2811653,2019-10-30,tcm:526-248966,0
717,2811653,2019-10-30,tcm:526-231792,0
718,2811653,2019-04-25,tcm:526-679101,0
719,2811653,2019-04-25,tcm:526-12174,0
720,2811653,2019-04-25,tcm:526-656536,0
721,2811653,2019-04-25,tcm:526-782343,0
722,2811653,2019-04-25,tcm:526-93195,1
723,2811653,2019-04-25,tcm:526-70899,1
724,2811653,2019-06-26,tcm:526-712788,1
725,2811653,2019-06-26,tcm:526-12174,0
726,2811653,2019-06-26,tcm:526-16645,0
727,2811653,2019-06-26,tcm:526-191289,0
728,2811653,2019-06-26,tcm:526-208086,1
729,2811653,2019-06-26,tcm:526-237984,0
730,2811653,2019-06-26,tcm:526-244935,1
731,2811653,2019-06-26,tcm:526-653510,0
732,2811653,2019-06-26,tcm:526-682379,0
733,2811653,2019-07-24,tcm:526-239640,0
734,2811653,2019-07-24,tcm:526-12174,0
735,2811653,2019-07-24,tcm:526-149043,1
736,2811653,2019-07-24,tcm:526-653510,0
737,2811653,2019-07-24,tcm:526-244935,1
738,2811653,2019-07-24,tcm:526-40469,0
739,2811653,2019-07-24,tcm:526-16645,0
740,6339036,2019-07-24,tcm:526-695181,0
741,6339036,2019-07-24,tcm:526-653510,0
742,6339036,2019-07-24,tcm:526-12174,0
743,6339036,2019-07-24,tcm:526-40469,1
744,6339036,2019-07-24,tcm:526-244935,0
745,6339036,2019-07-24,tcm:526-208086,0
746,6339036,2019-07-24,tcm:526-149043,0
747,6339036,2019-07-24,tcm:526-239640,0
748,6339036,2019-07-24,tcm:526-16645,0
749,6339036,2019-07-24,tcm:526-13782,1
750,6339036,2019-06-26,tcm:526-244935,0
751,6339036,2019-06-26,tcm:526-682379,0
752,6339036,2019-06-26,tcm:526-712788,0
753,6339036,2019-06-26,tcm:526-12174,1
754,6339036,2019-06-26,tcm:526-16645,0
755,6339036,2019-06-26,tcm:526-208086,0
756,6339036,2019-06-26,tcm:526-237984,0
757,6339036,2019-02-27,tcm:526-418532,0
758,6339036,2019-02-27,tcm:526-492865,0
759,6339036,2019-02-27,tcm:526-187302,0
760,6339036,2019-02-27,tcm:526-551763,1
761,6339036,2019-02-27,tcm:526-276414,0
762,6339036,2019-02-27,tcm:526-10787,0
763,6339036,2019-02-27,tcm:526-228258,0
764,6339036,2019-05-30,tcm:526-16645,0
765,6339036,2019-05-30,tcm:526-208086,0
766,6339036,2019-05-30,tcm:526-46242,0
767,6339036,2019-05-30,tcm:526-688510,0
768,6339036,2019-05-30,tcm:526-653510,1
769,6339036,2019-05-30,tcm:526-116442,0
770,6339036,2019-05-30,tcm:526-12174,0
771,6339036,2019-05-30,tcm:526-93195,0
772,6339036,2019-05-30,tcm:526-149043,0
773,6339036,2019-09-26,tcm:526-22867,0
774,6339036,2019-09-26,tcm:526-208086,1
775,6339036,2019-09-26,tcm:526-12174,0
776,6339036,2019-09-26,tcm:526-12167,0
777,6339036,2019-09-26,tcm:526-116442,0
778,6339036,2019-09-26,tcm:526-707567,1
779,6339036,2019-09-26,tcm:526-258965,0
780,6339036,2019-01-30,tcm:526-204679,0
781,6339036,2019-01-30,tcm:526-784445,0
782,6339036,2019-01-30,tcm:526-782343,0
783,6339036,2019-01-30,tcm:526-655038,0
784,6339036,2019-01-30,tcm:526-385364,1
785,6339036,2019-01-30,tcm:526-346380,0
786,6339036,2019-01-30,tcm:526-273898,0
787,6339036,2019-01-30,tcm:526-261006,1
788,6339036,2019-01-30,tcm:526-209216,0
789,6339036,2019-01-30,tcm:526-209028,0
790,6339036,2019-08-28,tcm:526-12174,0
791,6339036,2019-08-28,tcm:526-22867,0
792,6339036,2019-08-28,tcm:526-116442,0
793,6339036,2019-08-28,tcm:526-239640,1
794,6339036,2019-08-28,tcm:526-704480,0
795,6339036,2019-08-28,tcm:526-208086,0
796,6339036,2019-08-28,tcm:526-199040,0
797,6339036,2019-08-28,tcm:526-695181,0
798,6339036,2019-10-30,tcm:526-259315,0
799,6339036,2019-10-30,tcm:526-231792,0
800,6339036,2019-10-30,tcm:526-12174,0
801,6339036,2019-10-30,tcm:526-153236,0
802,6339036,2019-10-30,tcm:526-12167,0
803,6339036,2019-10-30,tcm:526-208086,1
804,6339036,2019-10-30,tcm:526-22867,0
805,6339036,2019-04-25,tcm:526-70899,0
806,6339036,2019-04-25,tcm:526-782343,0
807,6339036,2019-04-25,tcm:526-93195,1
808,6339036,2019-04-25,tcm:526-679101,0
809,6339036,2019-04-25,tcm:526-684643,1
810,6339036,2019-04-25,tcm:526-249037,0
811,6339036,2019-03-27,tcm:526-418532,0
812,6339036,2019-03-27,tcm:526-12180,0
813,6339036,2019-03-27,tcm:526-80807,0
814,6339036,2019-03-27,tcm:526-681575,0
815,6339036,2019-03-27,tcm:526-681575,0
816,6339036,2019-03-27,tcm:526-674187,0
817,6339036,2019-03-27,tcm:526-670542,0
818,6339036,2019-03-27,tcm:526-654768,0
819,6700291,2019-02-27,tcm:526-418532,0
820,6700291,2019-02-27,tcm:526-10787,0
821,6700291,2019-02-27,tcm:526-187302,1
822,6700291,2019-02-27,tcm:526-249921,0
823,6700291,2019-02-27,tcm:526-276414,0
824,6700291,2019-02-27,tcm:526-551763,1
825,6700291,2019-02-27,tcm:526-52560,0
826,6700291,2019-02-27,tcm:526-492865,0
827,6700291,2019-01-30,tcm:526-385364,1
828,6700291,2019-01-30,tcm:526-273898,0
829,6700291,2019-01-30,tcm:526-204679,0
830,6700291,2019-01-30,tcm:526-784445,0
831,6700291,2019-01-30,tcm:526-782343,0
832,6700291,2019-01-30,tcm:526-655038,0
833,6700291,2019-05-30,tcm:526-208086,0
834,6700291,2019-05-30,tcm:526-688510,1
835,6700291,2019-05-30,tcm:526-16645,1
836,6700291,2019-05-30,tcm:526-93195,0
837,6700291,2019-05-30,tcm:526-116442,0
838,6700291,2019-05-30,tcm:526-12174,0
839,6700291,2019-05-30,tcm:526-46242,0
840,6700291,2019-04-25,tcm:526-93195,1
841,6700291,2019-04-25,tcm:526-656536,1
842,6700291,2019-04-25,tcm:526-679101,1
843,6700291,2019-04-25,tcm:526-684643,0
844,6700291,2019-04-25,tcm:526-208086,0
845,6700291,2019-04-25,tcm:526-12174,0
846,6700291,2019-04-25,tcm:526-249037,0
847,6700291,2019-04-25,tcm:526-782343,0
848,6700291,2019-04-25,tcm:526-70899,1
849,6700291,2019-07-24,tcm:526-40469,1
850,6700291,2019-07-24,tcm:526-244935,0
851,6700291,2019-07-24,tcm:526-239640,0
852,6700291,2019-07-24,tcm:526-149043,0
853,6700291,2019-07-24,tcm:526-13782,0
854,6700291,2019-07-24,tcm:526-695181,0
855,6700291,2019-07-24,tcm:526-208086,0
856,6700291,2019-07-24,tcm:526-16645,0
857,6700291,2019-07-24,tcm:526-653510,1
858,6700291,2019-03-27,tcm:526-80807,0
859,6700291,2019-03-27,tcm:526-681575,0
860,6700291,2019-03-27,tcm:526-681575,0
861,6700291,2019-03-27,tcm:526-12180,1
862,6700291,2019-03-27,tcm:526-208086,0
863,6700291,2019-03-27,tcm:526-674187,0
864,6700291,2019-03-27,tcm:526-418532,0
865,6700291,2019-03-27,tcm:526-670542,1
866,6700291,2019-09-26,tcm:526-208086,0
867,6700291,2019-09-26,tcm:526-22867,0
868,6700291,2019-09-26,tcm:526-258965,0
869,6700291,2019-09-26,tcm:526-707567,0
870,6700291,2019-09-26,tcm:526-707527,0
871,6700291,2019-09-26,tcm:526-10849,0
872,6700291,2019-09-26,tcm:526-116442,0
873,6700291,2019-09-26,tcm:526-12167,0
874,6700291,2019-09-26,tcm:526-12174,0
875,6700291,2019-06-26,tcm:526-149043,0
876,6700291,2019-06-26,tcm:526-208086,0
877,6700291,2019-06-26,tcm:526-191289,0
878,6700291,2019-06-26,tcm:526-682379,0
879,6700291,2019-06-26,tcm:526-712788,0
880,6700291,2019-06-26,tcm:526-237984,0
881,6700291,2019-06-26,tcm:526-12174,0
882,6700291,2019-06-26,tcm:526-16645,0
883,6700291,2019-06-26,tcm:526-653510,0
884,6700291,2019-06-26,tcm:526-244935,0
885,6700291,2019-08-28,tcm:526-704480,0
886,6700291,2019-08-28,tcm:526-10838,1
887,6700291,2019-08-28,tcm:526-116442,0
888,6700291,2019-08-28,tcm:526-12174,0
889,6700291,2019-08-28,tcm:526-199040,0
890,6700291,2019-08-28,tcm:526-22867,1
891,6700291,2019-08-28,tcm:526-239640,0
892,6700291,2019-08-28,tcm:526-695181,0
893,6700291,2019-10-30,tcm:526-116442,0
894,6700291,2019-10-30,tcm:526-153236,0
895,6700291,2019-10-30,tcm:526-12167,0
896,6700291,2019-10-30,tcm:526-259315,0
897,6700291,2019-10-30,tcm:526-231792,0
898,6700291,2019-10-30,tcm:526-18025,0
899,395075,2019-01-30,tcm:526-273898,0
900,395075,2019-01-30,tcm:526-261006,1
901,395075,2019-01-30,tcm:526-209216,0
902,395075,2019-01-30,tcm:526-209028,0
903,395075,2019-01-30,tcm:526-204679,0
904,395075,2019-01-30,tcm:526-784445,0
905,395075,2019-01-30,tcm:526-782343,0
906,395075,2019-01-30,tcm:526-655038,0
907,395075,2019-01-30,tcm:526-385364,1
908,395075,2019-01-30,tcm:526-346380,1
909,395075,2019-04-25,tcm:526-679101,0
910,395075,2019-04-25,tcm:526-684643,1
911,395075,2019-04-25,tcm:526-70899,0
912,395075,2019-04-25,tcm:526-93195,1
913,395075,2019-04-25,tcm:526-782343,0
914,395075,2019-04-25,tcm:526-12174,0
915,395075,2019-04-25,tcm:526-208086,0
916,395075,2019-04-25,tcm:526-249037,0
917,395075,2019-04-25,tcm:526-388698,1
918,395075,2019-04-25,tcm:526-656536,0
919,395075,2019-02-27,tcm:526-228258,0
920,395075,2019-02-27,tcm:526-249921,0
921,395075,2019-02-27,tcm:526-418532,0
922,395075,2019-02-27,tcm:526-52560,0
923,395075,2019-02-27,tcm:526-492865,0
924,395075,2019-02-27,tcm:526-187302,1
925,395075,2019-07-24,tcm:526-695181,0
926,395075,2019-07-24,tcm:526-653510,0
927,395075,2019-07-24,tcm:526-40469,1
928,395075,2019-07-24,tcm:526-244935,0
929,395075,2019-07-24,tcm:526-239640,0
930,395075,2019-07-24,tcm:526-208086,0
931,395075,2019-07-24,tcm:526-12174,0
932,395075,2019-07-24,tcm:526-149043,0
933,395075,2019-08-28,tcm:526-12174,0
934,395075,2019-08-28,tcm:526-116442,0
935,395075,2019-08-28,tcm:526-704480,0
936,395075,2019-08-28,tcm:526-239640,0
937,395075,2019-08-28,tcm:526-208086,0
938,395075,2019-08-28,tcm:526-199040,0
939,395075,2019-03-27,tcm:526-418532,0
940,395075,2019-03-27,tcm:526-681575,0
941,395075,2019-03-27,tcm:526-681575,0
942,395075,2019-03-27,tcm:526-208086,0
943,395075,2019-03-27,tcm:526-670542,0
944,395075,2019-03-27,tcm:526-80807,0
945,395075,2019-03-27,tcm:526-12180,1
946,395075,2019-10-30,tcm:526-259315,0
947,395075,2019-10-30,tcm:526-116442,0
948,395075,2019-10-30,tcm:526-12167,0
949,395075,2019-10-30,tcm:526-12174,0
950,395075,2019-10-30,tcm:526-153236,0
951,395075,2019-10-30,tcm:526-18025,0
952,395075,2019-10-30,tcm:526-22867,0
953,395075,2019-10-30,tcm:526-248966,0
954,395075,2019-06-26,tcm:526-149043,1
955,395075,2019-06-26,tcm:526-237984,1
956,395075,2019-06-26,tcm:526-653510,1
957,395075,2019-06-26,tcm:526-712788,0
958,395075,2019-06-26,tcm:526-244935,0
959,395075,2019-06-26,tcm:526-16645,0
960,395075,2019-06-26,tcm:526-682379,0
961,395075,2019-06-26,tcm:526-208086,0
962,395075,2019-09-26,tcm:526-10849,0
963,395075,2019-09-26,tcm:526-707567,0
964,395075,2019-09-26,tcm:526-707527,0
965,395075,2019-09-26,tcm:526-258965,0
966,395075,2019-09-26,tcm:526-208086,0
967,395075,2019-09-26,tcm:526-12174,0
968,395075,2019-09-26,tcm:526-12167,0
969,395075,2019-09-26,tcm:526-116442,0
970,395075,2019-05-30,tcm:526-16645,0
971,395075,2019-05-30,tcm:526-46242,0
972,395075,2019-05-30,tcm:526-653510,1
973,395075,2019-05-30,tcm:526-688510,0
974,395075,2019-05-30,tcm:526-116442,0
975,395075,2019-05-30,tcm:526-93195,0
976,395075,2019-05-30,tcm:526-12174,0
977,395075,2019-05-30,tcm:526-149043,0
978,1523358,2019-01-30,tcm:526-209028,1
979,1523358,2019-01-30,tcm:526-209216,0
980,1523358,2019-01-30,tcm:526-261006,0
981,1523358,2019-01-30,tcm:526-273898,1
982,1523358,2019-01-30,tcm:526-346380,0
983,1523358,2019-01-30,tcm:526-784445,0
984,1523358,2019-04-25,tcm:526-12174,0
985,1523358,2019-04-25,tcm:526-782343,0
986,1523358,2019-04-25,tcm:526-70899,1
987,1523358,2019-04-25,tcm:526-656536,0
988,1523358,2019-04-25,tcm:526-388698,0
989,1523358,2019-04-25,tcm:526-208086,0
990,1523358,2019-02-27,tcm:526-492865,0
991,1523358,2019-02-27,tcm:526-418532,0
992,1523358,2019-02-27,tcm:526-249921,0
993,1523358,2019-02-27,tcm:526-224772,0
994,1523358,2019-02-27,tcm:526-10787,0
995,1523358,2019-02-27,tcm:526-551763,0
996,1523358,2019-02-27,tcm:526-52560,0
997,1523358,2019-07-24,tcm:526-149043,0
998,1523358,2019-07-24,tcm:526-695181,0
999,1523358,2019-07-24,tcm:526-653510,0
